#Woronicza17,667
#skijumpingfamily,640
#pizgaczhell,615
#wtylewizji,591
#Jedziemy,581
#ElevenF1,513
#GangŁysego,491
#topmodel,400
#mjakmiłość,335
#TheVoiceKids,299
#minela8,277
#egzaminosmoklasisty2022,268
#matura2022,261
#rodzinamonet,247
#hotelparadise,241
#StrefaStarcia,239
#forum,206
#ZapukajDoMoichDrzwi,194
#matura2023,191
#Eurovision,190
#thevoiceofpoland,189
#famemma15,187
#HarryPotter,181
#Minęła8,178
#famemma16,156
#LexCzarnek,153
#famemma14,152
#5city,149
#ChampionsLeague,145
#HarryStylesLoveOnTourWarszawa,144
#marvelezpolsatem,144
#SheHulk,138
#ElClasico,137
#Euphoria,133
#LaZabawa,131
#studia2022,129
#HarryStylesLoveOnTourKrakow,126
#LPORCZ,126
#KoszKadra,125
#hotelmaffija2,121
#safnapapierze,119
#Minela20,118
#RzutkiTarczaRodzina,118
#egzaminzawodowy,115
#StopUkrainizacjiPolski,114
#FIFAWorldCup,111
#EkipaSezon4,108
#highleague,106
#highleague5,105
#JazdaIga,104
#thorloveandthunder,103
#takemyhandtourkrakow,99
#opener2022,99
#hejtpark,99
#Suwroom,97
#highleague4,93
#POLBEL,92
#MultiverseOfMadness,91
#famemma13,89
#RolandGarros,89
#primemma,88
#polksa,86
#HouseOfTheDragon,86
#wojna,85
#EuphoriaSeason2,85
#leksiuisoverparty,85
#StrangerThings,83
#POLFRA,82
#wloskarobota,82
#ARGFRA,81
#LouisTomlinsonlodz,81
#Beijing2022,79
#masksinger,79
#MoonKnight,79
#POLARG,78
#POLWAL,78
#StrangerThings4,78
#POLUSA,78
#LouisTomlinsonPoznan,77
#POLSWE,77
#hellspaces,77
#Munich2022,76
#edsheeranwarszawa,75
#pyrkon2022,75
#KatastrofaEkologiczna,75
#FaithInTheFuture,74
#AusOpen,74
#PolishLegendsCanDoMagic,74
#AttackonTitanFinalSeason,73
#OTPSummerTour,73
#CLVolleyM,70
#F1PL,70
#harryshouse,70
#RCZLEG,69
#inflacja,69
#SuperTyp,69
#PolskiWał,68
#genzie,68
#GRAMMYs,67
#LPOŚLĄ,66
#loonainwarsaw,66
#ARMYSelcaDay,66
#StandWithUkraine️,65
#DisneyPlus,65
#plusliga,64
#UECL,63
#PrideMonth,63
#iOS16,63
#12yearsofonedirection,63
#5SOS5,63
#MCIMUN,62
#MUNLIV,62
#plkpl,62
#staryjestoverparty,61
#FRAPOL,61
#POLGER,60
#PortfolioDay,59
#Wimbledon,59
#LPOLEG,59
#iHeartAwards,58
#bufor,58
#brejdaki,58
#WUF11,57
#NEDPOL,56
#carmenspaces,56
#CZEGOR,56
#Pekin2022,56
#PucharPolski,55
#belpol,55
#Heartstopper,54
#KongresProgramowyPO,54
#LoveIsland,54
#BestFanArmy,54
#mcrwarsaw,54
#QueenElizabeth,53
#LPOQAR,53
#POLNED,53
#famemma,53
#PolskiŁad,53
#matury2022,52
#trylogiasecret,52
#HappyBirthdayTaehyung,52
#dotykdawnychdni,51
#IdiNaChuj,51
#MastercardGrazWOŚP,51
#walpol,50
#POLANDLOVESOTP,50
#QARLPO,50
#ARGCRO,50
#FateTheWinxSaga,50
#RMAPSG,50
#POLCHI,49
#POGLPO,49
#Louies,49
#UCLDraw,49
#ScarsTrilogypl,49
#HappyBirthdayLouis,49
#ポケモン,49
#FRAMAR,48
#jazdababy,48
#MCIRMA,48
#granatnik,48
#AustrianGP,48
#MetGala,48
#RedLies,48
#LettersSoe,47
#LUBGOR,47
#DzieńOjca,47
#LexKonfident,47
#AsItWas,47
#ZAGLGD,47
#highleague3,47
#BiggerThanMe,47
#dzieńmatki,47
#POLITA,46
#RIPTwitter,46
#LEGPIA,46
#EFLpl,46
#POGRCZ,46
#11listopada,46
#lightsforlouis,46
#MARESP,46
#MATA2040,45
#Happybirthdayharry,45
#WonderTheWorldTour,45
#YoungRoyals2,45
#BARINT,45
#otpwarszawa,45
#MsMarvel,45
#DontWorryDarling,45
#Qatar2022,45
#queenoftheblack,45
#loveontourkrakow,45
#LEGGÓR,45
#LPOVIL,44
#Oscars,44
#WARLPO,44
#IgaŚwiatek,44
#WISPUN,44
#HappyBirthdayZayn,44
#LTWTLodz,44
#PTD_ON_STAGE_SEOUL,44
#BayernBarca,44
#LPOSTM,44
#DzieńKobiet,44
#PanTorpeda,44
#MelodicVoiceINDay,43
#UCLfinal,43
#zdalne,43
#StopPutinNOW,43
#BarcaInter,43
#FaithInTheFutureTour,43
#LGDLEG,43
#POLMEX,43
#MCILIV,43
#ARSLIV,43
#FRAARG,43
#RADWIS,42
#MUNBHA,42
#CROMAR,42
#LEGWAR,42
#BallonDor,42
#everysongieverwrote,42
#LPOVIK,42
#PORURU,42
#LEGLGD,42
#skijumpinfamily,42
#SylwesterMarzeń,42
#bedoesiary,42
#POGLEG,42
#BRAKOR,42
#OneMoreTime,42
#JAGLEG,42
#nedarg,42
#boldupyboharry,41
#CHERMA,41
#TuBijeSerceEuropy,41
#CRALPO,41
#STMPOG,41
#royaltrilogy,41
#messengerisoverparty,41
#StrayKidsComeback,41
#PIALPO,41
#PORSUI,40
#ganglysego,40
#UELFinal,40
#argentinavsfrance,40
#ESC2022,40
#PSGRMA,40
#ARGAUS,40
#COMPLETEMESS,40
#Koniecrokuszkolnego,40
#TheUmbrellaAcademy,40
#1sierpnia1944,39
#MUNTOT,39
#WISLPO,39
#PolskaBelgia,39
#justiceforjohnnydepp,39
#LGDLPO,39
#KORWAR,39
#JapaneseGP,39
#WakandaForever,39
#RCZCRA,39
#SCOPOL,39
#WISWPŁ,39
#conangraywarsaw,39
#rzutfśśtbramka,39
#spacesbrwi,38
#RumotkaSpark,38
#WPŁLEG,38
#primaaprilis,38
#NowyWał,38
#RMAMCI,38
#maybeyouWA,38
#JPNCRO,38
#GORLPO,38
#ARGMEX,38
#MeetUpPO,38
#stopwar,38
#MEXPOL,38
#LIVVIL,38
#RMACHE,38
#LPOFAK,37
#KSW66,37
#VIKLPO,37
#wieczorszczerosci,37
#LT369,37
#StayAlive_CHAKHO,37
#KORCHR,37
#ARSD,37
#LoveOnTour2022,37
#CROBRA,37
#włoskarobota,37
#LILITHISOVERPARTY,37
#ReparationsForPoland,37
#PolskiLad,37
#SpotifyWrapped,36
#ATEEZinWarsaw,36
#ANONYMOUS,36
#walentynki,36
#PW1944,36
#KonwencjaPrzyszłości,36
#WIDLEG,36
#지구에서년지성아환영해,36
#HappyBirthdaySUGA,36
#bluemonday,36
#lovejoywarsaw,36
#livmun,36
#CRCGER,36
#HarrySecondConcertInPoland,36
#BAYVIL,36
#LPODUD,35
#biedafirmy,35
#YetToComeMvTeaser1,35
#sheyisoverparty,35
#VILLPO,35
#BabylonInPoland,35
#BBTLEG,35
#KORPOR,35
#HBSLPO,35
#CHELIV,35
#DzieńDziecka,35
#BREMUN,35
#PutinWarCriminal,34
#LMTVP,34
#jakgractoznajlepszymi,34
#otppoznan,34
#PowstanieWarszawskie,34
#Harrychella,34
#shadowandbone,34
#FreeLiam,34
#HungarianGP,34
#QatarWorldCup2022,34
#JuveVillarreal,33
#chears,33
#polskaszwecja,33
#UkraineRussianWar,33
#LPOWID,33
#trojkanakolejke,33
#1września,33
#LGDSTM,33
#GetWellSoonJimin,33
#UFC280,33
#KierunekKatar,32
#LEGBBT,32
#Ultraliga,32
#WorldCupDraw,32
#Bridgerton,32
#VNL2022,32
#oberstdorf,32
#highleague2,32
#POLSER,32
#FAKLPO,32
#engfra,32
#LateNightTalking,32
#HouseOfTheDragonHBO,32
#MidnightsTaylorSwift,32
#TopRadia357,32
#AliceInBorderland2,32
#sunmiinWARSAW,32
#StrayKids_in_Riyadh,32
#ehfeuro2022,31
#lpokor,31
#MeMyselfAndI,31
#Kralovec,31
#LexKaczynski,31
#TwitteroweKsiążkary,31
#anafejk,31
#PowstanieWielkopolskie,31
#MiamiOpen,31
#eurowizja,31
#ATMMCI,31
#HarryStyles,31
#IndvsEng,30
#galamistrzówsportu,30
#mundialove,30
#NatoKonferencja,30
#KORGHA,30
#VILBAY,30
#RCZŚLĄ,30
#NEDUSA,30
#STMLEG,30
#KonwencjaPiS,30
#ENGGER,30
#TheGameAwards,30
#TORLUB,30
#JESC2022,30
#HarryPotter20thAnniversary,30
#REKPOG,30
#skijumpingfamilly,30
#dzieńnauczyciela,30
#BRASRB,29
#PremierPolskiejBiedy,29
#papieroweZCOC,29
#TORGOR,29
#dzieńkota,29
#365daysThisDay,29
#BTS9thAnniversary,29
#forsurenotyou,29
#savetf2,29
#지구에서년지성아_환영해,29
#RADLGD,29
#BRASER,29
#SLOPOL,29
#Lewandowski,29
#PakvsNZ,29
#MARPOR,29
#LPOHBS,29
#10kwietnia,29
#GERJPN,28
#USOpen2022,28
#YetToComeInBUSAN,28
#twiteroweksiazkary,28
#LEGWIS,28
#WPŁLPO,28
#AppleEvent,28
#LouisTomlinsonWorldTour2022,28
#EEC2022,28
#WIDRAD,28
#KSW77,28
#2YearsOfWalls,28
#nflpl,28
#ZAGLPO,28
#WALIRN,28
#ekiparp,28
#Królowe,28
#SRBSUI,28
#LGDRAP,28
#silverstonegp,28
#WPŁMIE,28
#StanWojenny,28
#obiecałemcigwiazdy,28
#OscarNoms,28
#multikinoisoverparty,28
#ParadaRownosci,28
#DawnFM,28
#LIVMCI,28
#Elite5,28
#RMABAR,28
#happybirthdayjhope,28
#ESPMAR,27
#MANIAC_SKZ,27
#RCZMIE,27
#zaćmienie,27
#CRALGD,27
#QueenElizabethII,27
#CHEMUN,27
#QATECU,27
#VolleyballWorldChampionship,27
#tlustyczwartek,27
#CMRSRB,27
#BTSFESTA2022,27
#ForumEkonomiczne,27
#LUBTOR,27
#BRASUI,27
#AniJednejWięcej,27
#LegalnaAborcja,27
#POGWID,26
#EmilyInParis,26
#BestselleryEmpiku,26
#YetToCome,26
#popkillery,26
#fryderyki2022,26
#OLIWIS,26
#twojatwarzbrzmiznajomo,26
#RADZAG,26
#SaudiArabianGP,26
#KSW75,26
#1marca,26
#GORRCZ,26
#PINKVENOM,26
#lodernapapierze,26
#Sejm,26
#LUBOST,26
#wpłgór,26
#ŚLĄWAR,26
#WISGKŁ,26
#LESGOR,26
#InternationalWomensDay,26
#Worlds2022,26
#ENGSEN,26
#WWDC22,26
#instagramdown,26
#GHAURU,25
#sportowiecroku,25
#WhenYoureGone,25
#WALENG,25
#JAGLPO,25
#movefederation,25
#WIDZAG,25
#RMAFCB,25
#ARGKSA,25
#PILNE,25
#ourtimetour,25
#coldplaywarsaw,25
#realmancity,25
#RCZWAR,25
#timesupolivia,25
#MIEWID,25
#LIVRMA,25
#ARSTOT,25
#dreamfacereveal,25
#LPODIN,25
#WROCZE,25
#POGKRR,25
#1Maja,25
#POLBRA,25
#BTS_Proof,25
#ObiWan,25
#villiv,25
#PIAWID,25
#CRAWIS,25
#KSW71,24
#selfiesforchan,24
#BTSItsOkayToRest,24
#RCZWPŁ,24
#MUNATM,24
#POLHUN,24
#CROBEL,24
#RADJAG,24
#ESPGER,24
#amazonisoverparty,24
#ehffinal4,24
#crownnapapierze,24
#KSW73,24
#LGDGÓR,24
#Odra,24
#FULLIV,24
#ENGUSA,24
#PORGHA,24
#Superache,24
#BRACRO,24
#ZIEKRO,24
#LGDAKA,24
#POLSRB,24
#LouisTomlinsonWarsaw,24
#xayooindustries,24
#RCZAST,24
#CopaDelRey,24
#JackInTheBox,24
#STMRAD,24
#SOULIV,24
#PrzekopMierzei,24
#CRALEG,24
#GRUWRO,24
#shorttrack,24
#GORWRO,23
#LPOWPŁ,23
#tenvibe,23
#WarsawUprising,23
#BritishGP,23
#JAGRAD,23
#GoldenYunhoDay,23
#RCZSTM,23
#PolishVodkaForMendes,23
#wisark,23
#DoctorStrange,23
#TheBatman,23
#ReparacjeDlaPolski,23
#BBTJAG,23
#exposinggabyspaces,23
#LEGMIE,23
#ARSMUN,23
#MCIATM,23
#MCIAVL,23
#BAYBAR,23
#JesteśGotowy,23
#NAPLIV,23
#INTBAR,23
#ŻołnierzeWyklęci,23
#POGLGD,23
#SGP2,23
#LEGPOG,23
#zagleg,23
#śląrcz,23
#dreamcatcherinwarsaw,23
#BlackFriday,23
#DzieńFlagi,23
#ThatThatFeatSUGA,23
#JAGWID,22
#WIDMIE,22
#CrimeanBridge,22
#RADCRA,22
#IPL2023Auction,22
#CanadianGP,22
#LESTOR,22
#CHOWIS,22
#SingaporeGP,22
#SafeFlightOurAstronaut,22
#NBADraft,22
#MUNARS,22
#ENGIRN,22
#GenshinSpecialProgram,22
#DUDLPO,22
#SPARCZ,22
#JAGMIE,22
#LIVCRY,22
#TowerofFantasy,22
#POGWPŁ,22
#GRULES,22
#ewroniarze,22
#8marca,22
#ethanisoverparty,22
#skafanderos,22
#StaySelcaDay,22
#SecretObsession,22
#hs3atmidnight,22
#GetWellSoonTaehyung,22
#onlythepolandtour,21
#KinnPorscheEP12,21
#LPOGKŁ,21
#bertramiary,21
#AbuDhabiGP,21
#MUNWHU,21
#russiaisaterrorisstate,21
#PakvsBan,21
#NintendoDirect,21
#GORTOR,21
#GÓRCRA,21
#HOBIPALOOZA,21
#WorldcupQatar2022,21
#BELMAR,21
#TORWRO,21
#CROCAN,21
#WROTOR,21
#BRETOT,21
#EURO2024,21
#PolskaWSercu,21
#GORLUB,21
#BarçaBayern,21
#LPOJAG,21
#Deadpool3,21
#NBAXmas,21
#TwitterowePersiary,21
#scammys,21
#holpol,21
#POLHOL,21
#PIARAD,21
#Guerrilla2ndWin,20
#OLILPO,20
#CHETOT,20
#BELCAN,20
#CRAPOG,20
#PIAZAG,20
#KSW70,20
#clonenapapierze,20
#mobilizacja,20
#flamenapapierze,20
#WISKAT,20
#Odragate,20
#RADWAR,20
#gamescom,20
#IRNUSA,20
#MOTWIS,20
#WickedSoe,20
#EVELIV,20
#BROPOG,20
#WakacjeKredytowe,20
#arkchr,20
#ATMMUN,20
#LESGRU,20
#WALUKR,20
#f1twtselfieday,20
#KORLEG,20
#BTSatTheWhiteHouse,20
#KinnPorscheEP11,20
#IDAHOBIT2022,20
#RESWIS,20
#MoroccoVsFrance,20
#GalaEkstraklasy,20
#FIFAWorldCupQatar2022,20
#GKŁLEG,19
#realpsg,19
#WIDCRA,19
#Titanic,19
#MyPoliceman,19
#TheFeelingOfFallingUpwards,19
#BARPLZ,19
#STMCRA,19
#TORGRU,19
#ECUSEN,19
#KSW68,19
#YouGotThisBTS,19
#GÓRWID,19
#InterBarça,19
#SevillaFCRealMadrid,19
#Euro2024Draw,19
#POGWIS,19
#LGDRCZ,19
#BARBAY,19
#MUNNFO,19
#porwanaprzezpilkarzyka,19
#UECLfinal,19
#JAGWPŁ,19
#WISWAR,19
#HellsKitchen,19
#LEGRAD,19
#ODRWIS,19
#VMAs,19
#행복이_윤호야_생일축하튜,19
#WPŁPIA,19
#WISJAG,19
#kinnyisoverparty,19
#TheSims4,19
#HelloHBOMax,19
#forgetyourname,19
#ŁączyNasPamięć,19
#WISSTM,19
#KSAMEX,19
#haveasafeflightBTS,19
#CZELUB,19
#WISSAN,19
#stray,18
#SuperBowl,18
#Ukraine️,18
#WARJAG,18
#5SOSONO,18
#POGRAD,18
#HBD_TO_ARMY,18
#SpeedwayOfNations,18
#LPOZAG,18
#stopyprocentowe,18
#KinnPorscheFinalEp,18
#MSI2022,18
#chcezrozumieć,18
#LEGGKŁ,18
#LouisTomlinson,18
#GRUGOR,18
#NEWMCI,18
#yungbludwarszawa,18
#PSGJUVE,18
#WARWID,18
#UFCVegas57,18
#kiedyksiezycgasnie,18
#GRUCZE,18
#WISRCH,18
#atletirealmadrid,18
#RCZJAG,18
#plotekjestoverparty,18
#XboxBethesda,18
#이엔이_미소가_세상을_밝힌날,18
#RSOBAR,18
#PZPN,18
#brits2022,18
#WIDPOD,18
#GetWellSoonJungkook,18
#WPŁŚLĄ,18
#COP27,18
#FiK61,18
#dzieńniepodległości,18
#KORWID,18
#BahrainGP,18
#pokójmodlitwy,18
#IndigoByRM,18
#TaehyungDay,18
#LIVLEI,18
#JPNESP,18
#BrazilGP,18
#1listopada,18
#rolnikszukazony,17
#ŚLĄWID,17
#GKŁŚLĄ,17
#Mundial2022,17
#TRNRCZ,17
#HappyBirthdayShawn,17
#USAWAL,17
#WonderTheWorldTourKrakow,17
#usgp,17
#DzieńZiemi,17
#LaverCup,17
#IAmGroot,17
#SuperCup,17
#LGDWIS,17
#LEGŚLĄ,17
#MichaelInKrakow,17
#ŚLĄLEG,17
#AvatarTheWayOfWater,17
#ŚLĄWIS,17
#TAKEMYHAND,17
#LUBCZE,17
#SevillaBarca,17
#MIEPOG,17
#ARSWHU,17
#emaunicornisoverparty,17
#SALFCB,17
#BENJUV,17
#ZAGWPŁ,17
#TeczowyPiatek,17
#WARWPŁ,17
#DINLPO,17
#MUNWOL,17
#Polexit,17
#LPORAD,17
#BIGBANG_StillLife,17
#BlessingsWait4SKZ,17
#ŚLĄPOG,16
#kolejne365dni,16
#HappyBirthdayYoongi,16
#ARKŁKS,16
#NBAFinals,16
#jhope_MORE,16
#MANIFESTO_DAY1,16
#NationsLeague,16
#GorzowGP,16
#Coachella,16
#BarcaViktoria,16
#GKŁBBT,16
#MUNBUR,16
#amethystpl,16
#WorldBicycleDay,16
#ZAGRCZ,16
#ValentinesDay2022,16
#kwadratowa,16
#OSTGOR,16
#TyperKSOL,16
#HappyBirthdayJin,16
#POGBRO,16
#KSW69,16
#viaplaypl,16
#theweekndpoland,16
#OurRockstarROSÉDay,16
#LEGZAG,16
#ItllBeOkay,16
#osabar,16
#PolandLovesLouis,16
#valenciabarça,16
#smutnespacesmixera,16
#BarçaVillarreal,16
#PrzejrzyjNaOczy,16
#Putin,16
#WTAFinals,16
#skokoholicy,16
#LESLUB,15
#bifpog,15
#PurpleHearts,15
#Guerrilla1stWin,15
#krosno,15
#KSW76,15
#UFC281,15
#ABCLewicy,15
#搞定要要個要,15
#Wimbledon2022,15
#AwayFromHomeFestival,15
#OurBluesJiminOST,15
#possessedap,15
#TUDUM,15
#BitwaWarszawska,15
#gnigda,15
#WISPIA,15
#BLRPOL,15
#WWCH2022,15
#TORCZE,15
#MWCH2022,15
#MonacoGP,15
#WeRemember,15
#Konstytucja3Maja,15
#JAGŚLĄ,15
#ZAGWAR,15
#RoeVsWade,15
#UkraineWar,15
#domPremierLeague,15
#StateOfPlay,15
#MAXIDENT,15
#WIDARK,15
#CRARCZ,15
#CZELES,15
#PolsatLEC,15
#스키즈와_발맞춰걷는_4번째길,15
#ODDINARY,15
#tanieczgwiazdami,15
#BROKEN,15
#OSTGRU,14
#FutsalEURO,14
#OSTLES,14
#AO2022,14
#sylwester,14
#internationalcatday,14
#TheAstronaut,14
#russiaisateroriststate,14
#GIDLE_TOMBOY,14
#AMAsFanFavorite,14
#CroatianGP,14
#KORSTM,14
#woosunginwarsaw,14
#SoloAmorYMilCanciones,14
#pamiętamy,14
#BTSOnTMA2022,14
#firstkill,14
#KROZIE,14
#BarçaJuve,14
#RadaMedyczna,14
#KinnPorscheEP13,14
#11lipca,14
#MusicForASushiRestaurant,14
#tacohemingway,14
#czegru,14
#ŚLĄJAG,14
#AthleticBarça,14
#LTWTPOLAND,14
#KSW67,14
#BarcaRayo,14
#UFC270,14
#mierzejawiślana,14
#BBTZAG,14
#PerfectPitchSeungminDay,14
#SWEPOL,14
#GunsNRoses,14
#RADPOG,14
#LPOAUS,14
#wiatr,14
#CRYARS,14
#OSTLUB,13
#nbapl,13
#marspa,13
#PakvsInd,13
#ŚLARAK,13
#LCHVIL,13
#PIAPOG,13
#DzieńEdukacjiNarodowej,13
#PTDLIVEVIEWING,13
#PIARCZ,13
#BFnapapierze,13
#MayThe4thBeWithYou,13
#OSTWRO,13
#ElClassico,13
#sesja2022,13
#WROGRU,13
#lemans24,13
#YouAreHome,13
#Katar2022,13
#DzieńPsa,13
#FRARAN,13
#MIEZAG,13
#JAGZAG,13
#Guerrilla4thWin,13
#matatour,13
#PlanDnia,13
#WEURO2022,13
#GERENG,13
#SKZREPLAY,13
#Andor,13
#wanderlustbts,13
#BadDecisions,13
#toasteed,13
#NEWARS,13
#DzieńDziadka,13
#JAGSTM,13
#BarcaEintracht,13
#FEN38,13
#tianfunisoverparty,13
#TeamPapito,13
#CRAWPŁ,12
#ZIEBYD,12
#3ShiningYearsWithTXT,12
#CarabaoCupFinal,12
#MyBTSTracks,12
#VILJUV,12
#13grudnia,12
#GORGRU,12
#badmoveap,12
#Cyberpunk2077,12
#zaćmieniesłońca,12
#UFC282,12
#TXTPALOOZA,12
#RADMIE,12
#BLACKPINK,12
#WeLoveAndSupportManagerSam,12
#BURMUN,12
#Michniewicz,12
#MexicoGP,12
#csgo,12
#Kawanaławę,12
#Kadra2022,12
#RCZWIS,12
#SANWIS,12
#LGDKOR,12
#krakowlivefestival,12
#WIDWPŁ,12
#BAYSAL,12
#Biathlon,12
#KKSWID,12
#aferki,12
#ChampionsLeagueFinal,12
#USOpen,12
#casinostar,12
#arshadsharif,12
#UkraineUnderAttaсk,12
#WIDKOR,12
#IndianWells,12
#matematyka,11
#GDAAKA,11
#YakuzaPoland,11
#drivetosurvive,11
#GÓRLGD,11
#Pegasus,11
#POLCAN,11
#PolsatSuperHitFestiwal,11
#SaveWarriorNun,11
#problematicikonki,11
#ZAGŚLĄ,11
#LeftandRight,11
#WorldCup2022,11
#LPOBBT,11
#SANŚLĄ,11
#TØPwMultikinie,11
#TORLES,11
#WARZAG,11
#uarourhope,11
#TAEHYUNGxCeline,11
#SpanishGP,11
#WIG20,11
#OneDirection,11
#FRACRO,11
#IPLAuction,11
#SENNED,11
#SlavaUkraini,11
#GodzinaW,11
#WROLES,11
#belned,11
#MFASR,11
#aferabudowlana,11
#ŚLĄLPO,11
#BadFriendsFF,11
#MIEWAR,11
#URUKOR,11
#KinnPorscheEP10,10
#SummerGameFest,10
#zarywamynoc,10
#LUBWRO,10
#GlassOnion,10
#GW17,10
#NBA75,10
#BTSCOMEBACK2022,10
#EuropaLeagueFinal,10
#polandrock2022,10
#ourflawspl,10
#RingsOfPower,10
#Przewodów,10
#OurWingsChangbinDay,10
#dreamcatcher1stwin,10
#T20WorldCupFinal,10
#RealSociedadBarça,10
#MIMP,10
#LPOPIA,10
#IgrzyskaOlimpijskie,10
#LESWRO,10
#ratujmydzieci,10
#radakrajowapo,10
#HappyBirthdayNamjoon,10
#piekielnakuchnia,10
#STMZAG,10
#LANBYD,10
#PolskaPaństwemNarodowym,10
#BLESSED_CURSED,10
#JAGPOG,10
#GNIRYB,10
#ITZY_SNEAKERS,10
#Ekstraklasa,10
#StrayKids,10
#alecbenjaminwarsaw,10
#KRRPOG,10
#JAPCRO,9
#Scholz,9
#YetToCome2ndWin,9
#MARFRA,9
#RomaFeyenoord,9
#JusticeWorldTour,9
#morningdream,9
#CHEMIL,9
#Kontrakt,9
#worldmentalhealthday,9
#OutOfMySystem,9
#WISVIV,9
#NowaNadzieja,9
#POGPIA,9
#MLBS4Spoilers,9
#STMPIA,9
#عمران_خان_ہماری_ریڈ_لائن,9
#whatsapp,9
#BTSInTheSeom,9
#HappyBirthdayJungkook,9
#ENGHUN,9
#AzerbaijanGP,9
#tarczaantyinflacyjna,9
#MundialQatar2022,9
#GetWellSoonJin,9
#WIDLGD,9
#PokemonScarletViolet,9
#MCICHE,9
#PIAGÓR,9
#AskSonic,9
#HappyBirthdayAshton,9
#lato,9
#BoxingDay,9
#RCZTRN,9
#FIBAEuropeCup,9
#UFC275,9
#drodcast,9
#BadBuddySeriesEP10,9
#BIANCHI_OPENING,9
#WIDODR,9
#스트레이키즈,9
#LightsForCeasefire,9
#3Maja,9
#5soskrakow,9
#polskiagent,9
#KPOPFLEX,9
#dreamchat,9
#Prokurator,9
#MiamiGP,9
#urodzinywawykc,9
#KolejPlus,9
#ŁKSWID,9
#ŚLĄGÓR,9
#UFC276,8
#KonkurszFUKSEM,8
#CRABBT,8
#vicielkaspaces,8
#JUVVIL,8
#UFC274,8
#POLISL,8
#WSF2022,8
#KinnPorscheEP7,8
#TheSummerITurnedPretty,8
#UFCVegas66,8
#FIFAWorldCupFinal,8
#AustralianGP,8
#LZGJAG,8
#PRECOP27,8
#latadwudzieste,8
#MLBS5Spoilers,8
#RCZKOR,8
#BENLIV,8
#CloneFF,8
#TREASURE1stWin,8
#InterViktoria,8
#Elite6,8
#STMJAG,8
#POGZAG,8
#TOTSOU,8
#NotmeseriesEP8,8
#AUSDEN,8
#ekipasezon3,8
#ISRPOL,8
#UFC278,8
#konkursbetclic,8
#AlpineSkiing,8
#RADWPŁ,8
#LUBGRU,8
#gamescom2022,8
#Biden,8
#FuryWhyte,8
#QATSEN,8
#NotMeSeriesEP9,8
#POGJAG,8
#GA1ISOVERPARTY,8
#RADGÓR,8
#NotMeSeriesEP12,8
#majeranrokblizejdodead,8
#UFC272,8
#LTWTPoznan,8
#HSMTMTS,8
#SaudiaArabianGP,8
#KSW74,8
#10words,8
#ŁKSARK,8
#AVLLIV,8
#angielski,8
#leemci,8
#POGGÓR,8
#GalxeID,8
#WOLMUN,8
#LEITOT,8
#BezpiecznaPolska,8
#JUVPSG,8
#지에서년지성아_환영,8
#PIAWAR,7
#pizzaday,7
#Kremenchuk,7
#10YearsWithEXO,7
#WISGÓR,7
#duybeniveda,7
#syreny,7
#RódSmoka,7
#EuropejskiKongresKobiet,7
#AUTPOL,7
#snowboard,7
#AUSPER,7
#millieirosółspaces,7
#TarczaAntyputinowska,7
#ARSNFO,7
#Federer,7
#szansanasukces,7
#DZGCHE,7
#LittleMixLastShow,7
#DREAMCATCHER2ndWin,7
#StandUpForUkraine,7
#studia2023,7
#ESPCRC,7
#POLDOM,7
#T20IWorldCup2022,7
#razemzukraina,7
#ocochodzi,7
#ŚLĄPIA,7
#ARKSTA,7
#MUNNOR,7
#mś2022k,7
#FIFAeNationsCup,7
#talesfromthesmp,7
#btkj,7
#HappyBirthdayJimin,7
#UnitedCup,7
#Guerrilla3rdWin,7
#januszwalczukisoverparty,7
#ŚwiętoNiepodległości,7
#StPatricksDay,7
#lovejoygdansk,7
#RCZRAD,7
#CZEWRO,7
#2maja,7
#ZAGCRA,7
#EuropaRównychSzans,7
#15sierpnia,7
#LiftMeUp,7
#minela9,7
#silvertongues,7
#CRAZAG,7
#Minęła20,7
#minęła9,6
#CRAKOR,6
#DzieńMamy,6
#JAGCRA,6
#DreamersbyJungkook,6
#KORPIA,6
#UkraineUnderAttack,6
#LGDPIA,6
#25latKonstytucji,6
#RazemPoMedal,6
#AustralianOpen,6
#LPODBT,6
#WPŁLGD,6
#JiminOSTOutToday,6
#burza,6
#MILCHE,6
#ASTRCZ,6
#IMPACT22,6
#OurGoldenVoiceTaehyun,6
#hoperighthere,6
#IdzieszZeMnąDawidKwiatkowski,6
#BarcaEspanyol,6
#RYBBYD,6
#ConfettiTour,6
#BAYFCB,6
#Warsaw,6
#GOOD_BOY_GONE_BAD,6
#4czerwca,6
#CASE143,6
#Dota2,6
#PROOF_TRACKLIST3,6
#WISŁKS,6
#OurPurpleLightJK,6
#HogwartsLegacy,6
#PAKvNZ,6
#10yearsofthevamps,6
#koronawirus,6
#pakveng,6
#Lviv,6
#22graduatesversion,6
#ZAGGÓR,6
#PrimeDay,6
#artistsontwitter,6
#WielkiCzwartek,6
#vincerelamore,6
#rybgda,6
#GRULUB,6
#POTUS,6
#TwitchRecap,6
#RCHARK,6
#WARGKŁ,6
#UFCSanDiego,6
#AkcjaŻonkile,6
#Wotore6,6
#OTPGdansk,6
#ATPCup,6
#crosscountryskiing,6
#F1Testing,6
#WeszloFM,6
#7Fates_CHAKHO,5
#najlepszegowiksa,5
#MieszkaniePrawem,5
#StandWithUkriane,5
#wsparciedlaagatki,5
#AKALGD,5
#GetWellSoonYeonjun,5
#solidarnizukraina,5
#GÓRZAG,5
#STMWID,5
#LouisTomlinsonWorldTour,5
#LGDJAG,5
#MŚ2022M,5
#RoyalRumble,5
#AktZdrady,5
#awizolive,5
#stolatbrokul,5
#PAKvsENG,5
#majówka,5
#livspacesroku,5
#TOTALbet,5
#KOLE100RZ,5
#ThisLoveTaylorVersion,5
#matchday,5
#D23Expo,5
#StrayKids1stOnBB200,5
#WPŁGKŁ,5
#MPPK,5
#EVECRY,5
#RForever,5
#Kep1er,5
#flamespaces,5
#MUNSOU,5
#ŚLĄLGD,5
#QuackityVlog,5
#rushhour,5
#GÓRJAG,5
#GERPOL,5
#HANInALifeTime,5
#ARKSAN,5
#moniaisoverparty,5
#AusGP,5
#polska,5
#presidentielles2022,5
#GRUOST,5
#GetWellSoonJhope,5
#PTD_ON_STAGE_LV,5
#WojnaWUkrainie,5
#ARGPOL,5
#BenficaJuve,5
#SKZ_CIRCUS,5
#UFCVegas59,5
#GDABYD,5
#PSVran,5
#ŚwiatowyDzieńZdrowia,5
#AustralianOpen2022,5
#ARKODR,5
#wtaroma,5
#BożeCiało,5
#STMŚLĄ,5
#Bejing2022,5
#LovestayHYUNJINDay,5
#gangneymarowychdebili,5
#ŚLĄBBT,5
#CRAJAG,5
#challengeacceptedlmb,5
#KORARK,5
#Usykvsjoshua2,5
#SteamWinterSale,5
#따스한_현진이의_23번째_봄,5
#StopUkainizacjiPolski,5
#SuperstarLalisaDay,5
#BarcaNapoli,5
#OPOPOZ,5
#nadcast,5
#RCZPOG,5
#Kaczyński,5
#MyYearOnXbox,5
#WithYou,5
#ZAGWIS,5
#FRADEN,5
#wspaniałestulecie,5
#PremierLeague,5
#twitterowaporadnia,5
#BelgianGP,5
#CampusPolska,5
#OurPrideJISOOday,5
#StopAmerykanizacjiPolski,5
#LoveOnTourToronto,4
#Donbas,4
#ITAMKD,4
#RMAFRA,4
#TrzyDychyNaLechie,4
#PIASTM,4
#LEGCEL,4
#LEGCRA,4
#RADRCZ,4
#LEECHE,4
#JejWysokość,4
#avleve,4
#STAY_SKZ_BE_SAFE,4
#ARSLEI,4
#UFC279,4
#LIVWOL,4
#WPŁKOR,4
#생일을맞은_내가_서창빈이란다,4
#STAWIS,4
#ŚwietoPracy,4
#konferencja,4
#PORMAR,4
#Guerrilla5thWin,4
#WrestleMania,4
#Guerrilla,4
#STMGOR,4
#BenedettoXVI,4
#POLSKAGUROM,4
#StopUkrainizationOfPoland,4
#Djokovic,4
#Oli30,4
#weatheringwithchan,4
#ŚmigusDyngus,4
#ItaliaMacedonia,4
#WhatAGameDevLooksLike,4
#SummerSlam,4
#najlepszegoszafranska,4
#UFC277,4
#OpeningCeremony,4
#14emerytura,4
#MyMindAndMe,4
#WeLoveYouATEEZ,4
#MUNCHE,4
#polandlovesclem,4
#FrenchGP,4
#JUNGWONInAMillion,4
#happybdaymatiurodzinycenoma,4
#GERESP,4
#WelcomeHomeSuho,4
#TheCrown,4
#SEVRMA,4
#BORNPINK,4
#LESOST,4
#WARPOG,4
#polsau,4
#happybirthdaydamiano,4
#bofnapapierze,4
#mojetwitteroweurodziny,4
#ViolaComeIlMareVenezia79,4
#GOROST,4
#Dreamcatcher,4
#지구에서23년_지성아_환영해,4
#totars,4
#POLSVK,4
#JIMINday,4
#bezprzyszłościJP,4
#JAGWAR,4
#NotMeSeriesEP11,4
#tracacsiebiewatt,4
#ZAGSTM,4
#MCITOT,4
#FULMUN,4
#ExtremeRules,4
#yungbludwarsaw,4
#GenshinImpactLotteryEvent,4
#LegiaTalk,4
#EVEMUN,4
#jhope,4
#harryween,4
#GORCZE,4
#ECUBRA,4
#KinnPorscheEP8,4
#JAGKOR,4
#WarszawskieTargiKsiążki,4
#FantasyPomaga,4
#DevilsNightRP,4
#DobryRzadNaTrudneCzasy,4
#SalBay,4
#GotowiNaJutro,4
#majan,4
#WPŁWAR,4
#BBTWIS,4
#GKŁSTM,4
#BTSARMY,4
#FieryDancerHyunjin,4
#Ukrainian,4
#Sportowiec2022,4
#HappyHyunjinDay,4
#TakeMyHandWorldTour,4
#NBAFinals2022,4
#oczyzalaneatramentem,4
#PomocDlaUkrainy,4
#其阿實其點用,4
#KinnPorscheEP6,4
#NotMeSeriesEP13,4
#ThankYouLittleMix,4
#STMWPŁ,4
#RobimyRobotę,4
#WarsawGP,4
#ŻabskiTwitter,4
#niepodległa,4
#fukajisoverparty,4
#KinnPorscheSideStory,4
#ARKSKR,4
#BloodyValentinePL,4
#NotMeSeriesFinalEP,4
#CatchUsAllxBTS,4
#tilldeathsoe,4
#HeresToTheFuture,4
#Azovstaldefenders,4
#LCHAW,4
#JAGPIA,4
#MeczOPokój,4
#DzieńFreebetów,4
#WARCRA,4
#LIVNAP,4
#WielkiPost,4
#ŚrodaPopielcowa,4
#ZIEGNI,4
#RussianUkrainianWar,4
#llamateam,4
#ArmiaKrajowa,4
#vikersund2022,4
#YalıÇapkını,4
#LTWTDallas,4
#pogoda,4
#BalticPipe,4
#urodzinyzyrafki,4
#스물셋_나의햇살_필릭스,4
#OurBrightSunFelixDay,4
#Zamach,4
#zmianaczasu,3
#LIVLEE,3
#WISTSP,3
#SWECZE,3
#CaneloGGG3,3
#DuyBeni,3
#Morbius,3
#LPOFCS,3
#AUSvNZ,3
#Worldsy2022,3
#LekkiMassacre,3
#BHACHE,3
#LTWTStLouis,3
#TSMidnights,3
#Datametrex,3
#AskSRK,3
#FCBVCF,3
#TSmidnightTS,3
#ENHYPEN,3
#glapiński,3
#FCBPLZ,3
#SaraJames,3
#AfterLike,3
#GW14,3
#KeremBürsinBMW,3
#TXT_IS_COMING,3
#BarçaSevilla,3
#PakVsZim,3
#LPOOVA,3
#T20WorldCup,3
#TOTWOL,3
#LouisOnLateLate,3
#FinalDraw,3
#ZAGRAD,3
#bizonuwy,3
#KKSGOR,3
#ForgetMe,3
#hungaryelections,3
#GenocideOfUkrainians,3
#MCIBRE,3
#MANIAC1stWin,3
#SAvsNED,3
#MLLE,3
#GalatasarayBarcelona,3
#TUNFRA,3
#4YearsWithEuphoria,3
#17września,3
#5YearsWith3RACHA,3
#DENTUN,3
#YoongiDay,3
#WIDTYC,3
#MayhemTilTheMorning,3
#LIVNEW,3
#indianwells2022,3
#BadOmens,3
#태현이의_21번째_겨울여행,3
#PIAMIE,3
#LCHHBS,3
#OMOMUN,3
#pzwatt,3
#Hashtagger,3
#airdrop,3
#ImranKhan,3
#WELCOMEBACKCHANYEOL,3
#BBTRCZ,3
#DutchGP,3
#Warszawa,3
#TorunGP,3
#ReceptaDlaPolski,3
#GMMTV2023,3
#POLLVA,3
#MARK_Child,3
#dzieńkawy,3
#NiedzielaPalmowa,3
#POLTHA,3
#POLKOR,3
#ZAGJAG,3
#TheEclipseSeriesEP9,3
#FrancescaChillemi,3
#Stuhr,3
#Korwin,3
#TYCARK,3
#GÓRMIE,3
#JPNCRC,3
#PakvsEngland,3
#RADKOR,3
#ObiWanKenobi,3
#LIVBOU,3
#OurStarJennieDay,3
#LTWTHouston,3
#RADŚLĄ,3
#KSAPOL,3
#hbdtoim,3
#BBTRAD,3
#OurStarboyYEONJUN,3
#POLESP,3
#PakVsEngFinal,3
#ITAENG,3
#CELRMA,3
#CRAWAR,3
#vincentjbh,3
#kopyrtkowocomeback,3
#sidemenCharityMatch,3
#FCBRMA,3
#WARGÓR,3
#BTSconcert,3
#BadBuddySeriesEP11,3
#DWCS,3
#GĶŁPOG,3
#BTSBestFriendsOfMyLife,3
#PutinWarCrimes,3
#STOWID,3
#amantadyna,3
#OurBrightestStarSunoo,3
#FACupFinal,3
#LGDPOG,3
#UFCVegas54,3
#LGDGKŁ,3
#FckPutin,3
#WHUMCI,3
#KORŚLĄ,3
#ProofOfInspiration1,3
#EVENEW,3
#vlogimixera,3
#KownackiDemirezen,3
#Belgrade2022,3
#WelcomeBackCHEN,3
#astrobotspaces,3
#DzieńFlagiRP,3
#niestrzelamwSylwestra,3
#BYDKRO,3
#에이티즈,3
#ArgentinaVsCroatia,3
#OSTCZE,3
#TDF2022,3
#RCZGKŁ,3
#rawpoz,3
#3x3WC,3
#krejzolkispaces,3
#TheBürsinBirthday,3
#XboxSonic2Sweepstakes,3
#WARRAD,3
#KSW72,3
#gorbbt,3
#ZIELOD,3
#ATPHalle,3
#rekrutacja2022,3
#LPOBAT,3
#BOCFCB,3
#UFC271,3
#BBTWAR,3
#TOPWszechczasow357,3
#bnpparibaspolandopen,3
#copernicuscup,3
#OurHappinessYeosangDay,3
#HBDtoSHOWNU,3
#ARGNED,3
#HappyBirthdayZuzanka,3
#ZielonaLewica,3
#Renaissance,3
#RADSTM,3
#ProudOfLouis,3
#bbtpia,3
#HappyBirthdayJustinBieber,3
#TitiseeNeustadt,3
#CHELOSC,3
#OrtizMartin,3
#eurowpierdol,3
#HalaMadrid,3
#GiftRTX,3
#HEALTogetherTour,3
#WIDRES,3
#Defence24Day,3
#Engelberg,3
#Kyiv,3
#정원이가_꽃피운_열아홉번째_가든,3
#CloseTheSky,3
#Uvalde,3
#KPinTwitterSpace,3
#weto,3
#CRAPIA,3
#MichaelCliffordIsBeautiful,3
#Genshinlmpact,3
#FEN43,3
#PomocnaPolska,3
#emowychurodzinmajka,3
#olive,3
#MothersDay,3
#HappyINDay,3
#CMRBRA,3
#GBGB1stWin,3
#BARESP,3
#romfey,3
#RSCPoster,3
#HalftimeShow,3
#Morawiecki,3
#OurEternalHope,3
#MUNWAT,3
#LTWTDoncaster,3
#GERCRC,3
#WROGOR,3
#APorLa14,3
#FuturePerfect,3
#AlmeriaRealMadrid,3
#TestWiekumysłowy,3
#NiedzielaMiłosierdzia,3
#FuryChisora3,3
#RMALIV,3
#PIAJAG,3
#GetWellSoonHoseok,3
#transferowymlyn,2
#FCUWID,2
#USDPLN,2
#ENGvsPAK,2
#SecretsOfDumbledore,2
#Barbie,2
#KhanBrook,2
#kajuniabday,2
#BeomgyuOurSpringPrince,2
#SilniRazem,2
#rakiety,2
#ZIELAN,2
#UFC273,2
#WorldRefugeeDay,2
#SRBPOL,2
#LIVTOT,2
#conangraywarszawa,2
#PROOF_TRACKLIST1,2
#1dnightwpoznaniu,2
#sagawards,2
#OstravaOpen,2
#Czerwiec56,2
#dreamislive,2
#EMAs,2
#ProtestSamorządów,2
#harrystylesloveontour,2
#Qatar,2
#LODKRO,2
#GRUTOR,2
#BraciaKremlowscy,2
#drozyznapis,2
#GDAKRO,2
#LGDBBT,2
#AppleMusicLive,2
#CLVolleyW,2
#ShawnMendesWonderTourKrakow,2
#węgiel,2
#Kenobi,2
#MIESTO,2
#WOŚP,2
#Kongres590,2
#NowoczesnaGospodarka,2
#OurFebruaryMiracle,2
#ZołnierzeNiezłomni,2
#suzukagp,2
#MIESTM,2
#MilanJuve,2
#PrawoEuropaSprawiedliwość,2
#Carolina,2
#MTVEMA,2
#miłespaces,2
#UkraineRussiaWar,2
#zakonczenieroku,2
#OkolieCieslak,2
#MUNATL,2
#spacesmixer,2
#public5city,2
#copaemocji,2
#MissPolonia,2
#CzechRepublicGP,2
#BadBuddySeriesตอนจบ,2
#NowyRok,2
#ARSWOL,2
#YNWA,2
#HappyVDay,2
#RussiaInvadedUkraine,2
#werejustfriendslmb,2
#StandWithUkraine,2
#QatarTennis,2
#PrayForUkraine,2
#saraisoverparty,2
#yungblud3,2
#CHEBOU,2
#KinnPorscheEP9,2
#JuveInter,2
#ZIERYB,2
#ArgentinaGP,2
#thronenapapierze,2
#WszystkichŚwietych,2
#CanadaGP,2
#svt_hot,2
#wojnanaukrainie,2
#우리의_별_성화야_생일축하해,2
#BHAARS,2
#1LKosz,2
#LaLiga,2
#SWIFT,2
#PILRZE,2
#HappyBirthdayViratKohli,2
#COVID19,2
#BrightStarSeonghwaDay,2
#hanmagang,2
#WarcraftStory,2
#SecretWeaponYejiDay,2
#스윗리틀키티_예지야_생일축하해,2
#RCHRST,2
#WARRCZ,2
#GoodBoyGoneBad1stWin,2
#balispace,2
#Vangelis,2
#TeamIndia,2
#Bayraktar,2
#Rocky,2
#wpelnymswietle,2
#BanLiveExports,2
#urodzinyjemioły,2
#POLRUS,2
#WOOSUNG,2
#JIMINOSTisComing,2
#RESCRA,2
#AlwaysAndForeverEXO,2
#TheVoiceSenior,2
#BrazowyKask,2
#KROBYD,2
#ATPMiami,2
#TAURONPucharPolski,2
#FRABAR,2
#YetToCome_on_Weverse_LIVE,2
#HBD_MOONlightBoy_KEVIN,2
#달빛아래_빛나는_케빈탄생일,2
#CharlestonOpen,2
#przegrałemzfukajem,2
#LETNISKO,2
#thelegacyjbh,2
#SpeedwayGP,2
#InternationalAsexualityDay,2
#OurProudBTS,2
#CultDAO,2
#FPLCommunity,2
#rakleg,2
#FCBFCB,2
#Hançer,2
#btsnagramofonach,2
#TheWitcher,2
#JIKJIN1stWin,2
#Losowanie,2
#CZETOR,2
#SolarEclipse2022,2
#F12022,2
#POLWID,2
#AntManandTheWaspQuantumania,2
#MinGYUMakeMySpring,2
#HomeAlone,2
#LoveOnTourGlasgow,2
#WISPOD,2
#WROOST,2
#GRAMzLVBET,2
#son2,2
#shadowclowniary,2
#LoveOnTourLisbon,2
#IIWojnaSwiatowa,2
#SUICMR,2
#tvpsport,2
#spacesmillvs,2
#ŁKSSTM,2
#MCINFO,2
#ARSAVL,2
#TheJokerAndTheQueen,2
#STMWAR,2
#TOROST,2
#Kep1er1stWin,2
#END_TXT,2
#angrygodjbh,2
#NEDECU,2
#OneDirectionPartyWarszawa,2
#TUNAUS,2
#봄의시작_채영아_생일축하해,2
#ritrovarelamore,2
#gasoline,2
#WielkaSobota,2
#ShapeofLove,2
#dreamspace,2
#wednesdaynetflix,2
#HBDtoHYUNGWON,2
#wta250warsaw,2
#MSPO2022,2
#RumotkaWave,2
#アイマス17歳おめでとう,2
#TeamTorpeda,2
#ATEEZ_MOVEMENT,2
#BYDZIE,2
#KORPOG,2
#EdvinXOmarOnFallon,2
#dreampremiere,2
#FRAAUS,2
#canyamanbestmovieaward22,2
#MARCRO,2
#sevbar,2
#Darling,2
#GERJAP,2
#EKG2022,2
#LożaPrasowa,2
#quackityspace,2
#_WORLD5thWin,2
#WARPIA,2
#barray,2
#RawAir,2
#EarthDay,2
#DREAMPALOOZA,2
#Guerrilla6thWin,2
#BYDGDA,2
#n7day,2
#AngelRockstarHueningkai,2
#CeltaRealMadrid,2
#TYCWIS,2
#WISSKR,2
#BarçaValladolid,2
#BOUARS,2
#2YearswithDynamite,2
#HappyJKDay2022,2
#JAPSPA,2
#JAPESP,2
#HBOMax,2
#BARATM,2
#Olympics,2
#SheHulkAttorneyAtLaw,2
#Viaplay,2
#KoronaWartaKompletu,2
#픽쏭_에이티즈_민기_생일일지어다,2
#AGT,2
#MeetMeAtMidnight,2
#MMA2022,2
#LIVEVE,2
#lescze,2
#Barbórka,2
#QatarGP,2
#Planica,2
#tyctsp,2
#PrzyjaznaSzkoła,2
#POLBUL,2
#ATEEZdeservesbetter,2
#UECLdraw,2
#UFCOrlando,2
#LGDWAR,2
#zwiazaniukladem,2
#AEWDynamite,2
#LGDŚLĄ,2
#JINDAY,2
#mcrnashville,2
#bofwattpad,2
#demibotisoverparty,2
#p1harmony,2
#WywieśFlagę,2
#Oregon2022,2
#lovejoybbc,2
#primemma2,2
#HappyBirthdayLuke,2
#Feel_My_Rhythm,2
#PapieroweCWND,2
#WeLoveYouJin,2
#UFCVegas65,2
#defendantswatt,2
#MisterSupranational2022,2
#5SecondsofSummer,2
#MCIBVB,2
#LTWTAustin,2
#TXT8_IS_COMING,2
#PODARK,2
#EveryValentineWithJaehyun,2
#NORPOL,2
#CZEOST,2
#ŁKSKOR,2
#RZEZAW,2
#Sanremo2022,2
#NASA,2
#승민아_영원을_믿게해줄게,2
#JWST,2
#AprilsBlossomSEHUN,2
#CzystePowietrze,2
#ENGNOR,2
#widzianosrakuna,2
#PGEEkstraliga,2
#TheEclipseSeriesEP7,2
#yungbludsfuneral,2
#leośbday,2
#KORGÓR,2
#CROARG,2
#ihanet,2
#NCTDREAM_GlitchMode,2
#RealMadridbarca,2
#ŚwiatowyDzieńWody,2
#rodzinamonetinnyc,2
#RESARK,2
#MIEKOR,2
#JIKJIN,2
#OSTTOR,2
#MultiversOfMadness,2
#domBundesligi,2
#volleyball,2
#GoldenGlobes,2
#SUNMI_TOUR_GOODGIRLGONEMAD,2
#DankeSeb,2
#speedway,2
#SDCC,2
#venom,2
#GodOfWarRagnarok,2
#frenchgrandprix,2
#debata,2
#siatkówka,2
#salondziennikarski,2
#KINGsPARTY,2
#LEGDYN,2
#TheBookOfBobaFett,2
#XdinaryHeroes,2
#PartyInTheBox,2
#upał,2
#WorldWaterDay,2
#TheNameChapter,2
#ŚwietoWojskaPolskiego,2
#Europa2050,2
#Izera,2
#ODDINARY_BB200No1,2
#AVLMUN,1
#WHULEE,1
#rdr5city,1
#GALBAR,1
#kreatywniarze,1
#첫눈처럼_다가온_지수의_생일을_축하해,1
#michaeljbh,1
#Orlen,1
#MAMA2022,1
#PierwszeMieszkanie,1
#pizzapawel,1
#Damyiasy,1
#alpejSKI,1
#RomaJuventus,1
#NiskiePodatki,1
#GetWellSoonChangbin,1
#FISalpine,1
#StrayKids12thWin,1
#TudorsInTheWorld,1
#zima,1
#KoncertLodz,1
#stolatniki,1
#screenshotsaturday,1
#AdelaideTennis,1
#BetclicMundial,1
#WARSTM,1
#Oscar,1
#WADADA2ndWin,1
#Wigilia,1
#forbiddencandy,1
#watt_antologia,1
#CRYWHU,1
#COVID_19,1
#AliceInBorderlandS2,1
#CanYaman,1
#TransDayOfVisibility,1
#zwiazanizemsta,1
#odnowa,1
#UFCLondon,1
#JhoomeJoPathaan,1
#MANIAC_OUTNOW,1
#WorldIndoorChamps,1
#poniedziałek,1
#GQMOTY2022xMileApo,1
#Diablesiarze,1
#CODA,1
#KryteriumAsow,1
#cafefutbol,1
#FCBBMG,1
#SteamReplay,1
#MójTwitterowyJubileusz,1
#Szczecin,1
#Mikołajki,1
#ATEEZWORLDTOUR2022,1
#Sienkiewicz,1
#RIPGREATESTHITS,1
#BitcoinButton,1
#ItLLBeOkayMV,1
#Narutowicz,1
#BARFRA,1
#UELdraw,1
#mojaflaga,1
#thankyouseb,1
#ZAGPIA,1
#blender,1
#odrtsp,1
#KPworldtourD2,1
#TYCŁKS,1
#NEWLIV,1
#VNLFinals,1
#OPORZE,1
#ZIEGDA,1
#ChesterBennington,1
#hslotberlin,1
#BBTWPŁ,1
#Lillehammer,1
#Duma,1
#SPARKQ,1
#FantasyEkstraklasa,1
#oliviawildeisoverparty,1
#PolskiTop357,1
#LechPoznań,1
#jhope_ARSON,1
#DerbyŁodzi,1
#POLSLO,1
#Wołyń,1
#RZETAR,1
#ILoveChoiSan3000Day,1
#kacperblonskyspotkajsiezmixer,1
#WolnaSzkoła,1
#31LightRaysUponBaekhyun,1
#Nadal,1
#urodzinymixer,1
#ŁKSSKR,1
#LPOQFK,1
#SIXcredibleYearsWithBLACKPINK,1
#Beijing2022WinterOlympics,1
#BarçaAtleti,1
#NFOWHU,1
#AFCON2021,1
#STAŁKS,1
#SENEGY,1
#StadionKróla,1
#AfrykaGra,1
#ImolaGP,1
#Oslo,1
#RZEPOZ,1
#JASWID,1
#Drużyna30Lecia,1
#Tuleya,1
#EVECHE,1
#ITZY_3rd_Anniversary,1
#WTAStuttgart,1
#PorscheTennis,1
#Wypadek,1
#HelloAgainCHEN,1
#AVLLEE,1
#famecage,1
#pokochajalbozniszcz,1
#SKZinRepublic,1
#Piastri,1
#StayAliveIsComing,1
#ŚwiatowyDzieńChorego,1
#Lollapalooza2022,1
#JHOPEatLollapalooza,1
#hstwtselfieday,1
#ARKRCZ,1
#LUBLES,1
#ARKBBT,1
#Strategic_Ark,1
#ReadyForProof,1
#sogood,1
#sochaisoverparty,1
#gizlisaklı,1
#wasder,1
#U21EURO,1
#tłustyczwartek,1
#Dupiarz,1
#StopRussianAggression,1
#ESC250,1
#tennis,1
#RG22,1
#FrenchOpen,1
#montecassino,1
#NadalDjokovic,1
#notmarriedff,1
#UkraineInvasion,1
#RussiaUkraineConflict,1
#NapoliBarca,1
#LiverpoolVsRealMadrid,1
#KORSTO,1
#elasticheartsoe,1
#WIGMOT,1
#EflatunGeliyor,1
#G2WIN,1
#WitoldPilecki,1
#Auschwitz,1
#RCZLGD,1
#GNIKRO,1
#SassuoloMilan,1
#GÓRGKŁ,1
#PoPierwszePolacy,1
#niebinarnejulki,1
#UczciwePodatki,1
#twentyonepilots,1
#WAKEUPWORLD,1
#CaneloBivol,1
#zakazanyowoc,1
#ARKMIE,1
#LODZIE,1
#FIMSpeedwayGP,1
#GorzowSGP,1
#POLAUS,1
#LGBTQ,1
#Thursdays_Child,1
#AbortionRightsAreHumanRights,1
#SakınKorkma,1
#agata,1
#햇살같은선우의_스무번째여름,1
#KongresRN,1
#SuzukiPucharPolski,1
#ehfcl,1
#LEEMUN,1
#Opole,1
#Legacies,1
#OknoTransferowe,1
#CorpusChristi,1
#macron,1
#Procesja,1
#Ewangelia,1
#방탄의_수고는_아미가_알아,1
#OurAceYeosangDay,1
#MyYou,1
#PoPierwszePolska,1
#top3gameschallenge,1
#CaratSelcaDay,1
#Sopot,1
#urodzinoweMileSpacesVerczi,1
#Formula1,1
#chewol,1
#Crimea,1
#BenidormFest,1
#스트레이키즈_CASE143,1
#SuperMarioBrosMovie,1
#KaraSevda,1
#MidnightsMayhemWithMe,1
#Overwatch2,1
#HolocaustRemembranceDay,1
#SOUCHE,1
#KaliningradIsCzechia,1
#WIDRCZ,1
#Nadia,1
#TheLastOfUs,1
#KSUL,1
#PUNARK,1
#związaniukładem,1
#Piecha,1
#KillingEve,1
#tyczag,1
#Wollongong2022,1
#POLCRO,1
#ZgromadzenieNarodowe,1
#Smoleńsk,1
#PakvsEng2022,1
#IAmTraveler,1
#dzieńbezsamochodu,1
#FIFA23,1
#CHERRY_SUNWOO_DAY,1
#ZAGKOR,1
#RESPOD,1
#skoki,1
#arshadshareef,1
#CHEBRE,1
#yenidünya,1
#memorieshebought,1
#RSOMUN,1
#OTPWarsaw,1
#RZEKED,1
#RMACEL,1
#ElcheRealMadrid,1
#OMTOT,1
#valbar,1
#TheEclipseSeriesFinalEP,1
#najlepszegolcia,1
#AustinGP,1
#민규를_사랑하는_406가지_이유,1
#ŚLĄRAD,1
#Wieluń,1
#IndvsPak,1
#BlackAdam,1
#KATWID,1
#Queendom2,1
#czwartapseudowładza,1
#WISQAR,1
#MIECRA,1
#POLARM,1
#IsraelCalling,1
#drawingsofthesky,1
#poltergeist,1
#naukazdalna,1
#범규야_널_닮은_봄이_왔어,1
#OurBelovedJimin,1
#korepetytor2,1
#BEŁOLS,1
#shutdown,1
#InterMilan,1
#RAWRZE,1
#RWMŚLĄ,1
#MUNMID,1
#FACup,1
#kruczekout,1
#HappyBirthdayLiamPayne,1
#LIVINT,1
#WIDPUN,1
#WroclawGP,1
#Campus2022,1
#MIELGD,1
#SOUMUN,1
#GNILOD,1
#ParisRoubaix2022,1
#NBAPlayoffs,1
#HoldMe,1
#LanyPoniedziałek,1
#OpeningNightLive,1
#AniKrokuWstecz,1
#セツナビ,1
#OMITB,1
#RSOFCB,1
#BARCAD,1
#PowstaniewGetcie,1
#ŚLACRA,1
#BelovedBirthJAY,1
#happy_birthday_jay,1
#LPOF91,1
#RAKSLA,1
#RCZSLP,1
#GKŁRAD,1
#HarryStylesLoveOnTourWarsaw,1
#happyjkday,1
#생축_정국이생일_이올시다,1
#BezkarnośćPlus,1
#bankietusanah,1
#LateLateLouis,1
#MOAのダイヤモンドボーイ,1
#푸른파도에_새겨질_연준이의_가을,1
#Katyń,1
#ItalianGP,1
#AthleticRealMadrid,1
#ATHRMA,1
#iPhone14Pro,1
#PSGJUV,1
#DINCHE,1
#HappyBirthdayYeontan,1
#najlepszegokuba,1
#TVPiS,1
#POLTUN,1
#KROLOD,1
#CanYamanVenezia79,1
#UFCParis,1
#arkjas,1
#selcaforchan,1
#LaboratoriaPrzyszłości,1
#MilanInter,1
#CHEWHU,1
#FiorentinaJuve,1
#happySUGAday,1
#BillieJeanKingCup,1
#Westerplatte,1
#FCBSAL,1
#SylwestrowaMocPrzebojów,1
